MOVIE_NM,다음_평점
소울,9.0
극장판 귀멸의 칼날: 무한열차편,6.8
원더 우먼 1984,6.8
세자매,8.8
명탐정 코난: 진홍의 수학여행,
조제,8.5
아이 엠 우먼,1.0
도굴,7.4
뱅가드,5.0
블라인드,
#아이엠히어,
빅풋 주니어2: 패밀리가 떴다,
커넥트,4.0
미스터 존스,8.0
나는 나를 해고하지 않는다,10.
북스마트,7.0
완벽한 가족,8.0
나이팅게일,6.0
토이 솔져스: 가짜사나이2 더 컴플리트,
마이 미씽 발렌타인,
파힘,
이웃사촌,8.0
테넷,6.8
걸,
런,7.4
100% 울프: 푸들이 될 순 없어,
모추어리 컬렉션,6.5
가을의 마티네,
극장판 바이올렛 에버가든,
빛의 아버지: 파이널 판타지 XIV,
운디네,8.5
사일런싱,
큰엄마의 미친봉고,6.0
더 시크릿,
래시 컴 홈,
관계의 가나다에 있는 우리는,8.5
미스터 보스,
타오르는 여인의 초상,8.8
썸머 85,8.5
제이티 르로이,6.0
라스트 프론티어,
리플레이,
언플랜드,
"내 어깨 위 고양이, 밥 2",
크루아상,
라이어트: 기계들의 역습,
럭키 몬스터,
누군가 어디에서 나를 기다리면 좋겠다,
800,
족벌 두 신문 이야기,10.
438일,
마라가 큰 결정을 해야 해,3.8
천사는 바이러스,
요요현상,
나의 작은 동무,
부활: 그 증거,
함께 있을 수 있다면,6.8
추억의 검정고무신,2.0
귀여운 남자,
페이트 스테이 나이트 헤븐즈필 제3장 스프링 송,
스웨그,
전쟁,
삼진그룹 영어토익반,7.2
골든맨,
게임의 법칙: 인간사냥,
극장판 바다 탐험대 옥토넛 : 대산호초 보호작전,
레전더리 콘서트: 레너드 번스타인,
뮤직 앤 리얼리티,
사라센의 칼,
토스카,
가나의 혼인잔치: 언약,
피아니스트의 마지막 인터뷰,5.0
"오늘, 우리 2",
나이트 언데드,
내언니전지현과 나,
극장판 기븐,
선샤인 패밀리,
장 미쉘 바스키아: 더 레이디언트 차일드,
겨울밤에,
디노소어 어드벤쳐,
찬실이는 복도 많지,7.5
금의위 3인의 무사,3.9
마틴 에덴,8.0
파티마의 기적,
잔칫날,
남매의 여름밤,8.0
호프,
소년시절의 너,7.0
마지막 휴가,
에이리,
라 보엠,
담보,5.6
에이전트 미스터 찬,
해브 어 나이스 데이,
황금화 : 엄마의 일기,
걸후드,10.
그리고 우린 춤을 추었다,7.0
"그리고, 살아간다",
에듀케이션,7.5
애비규환,
그날이 온다,
봉쇄수도원 카르투시오,
안티고네,8.5
교실 안의 야크,10.
로맨틱 코미디,
미스터트롯: 더 무비,
포기와 베스,
극장판 미니특공대: 햄버거괴물의 습격,10.
음악,
페이블,
공포분자,6.6
머리카락,
베이 오브 사일런스,
블러드하운드,
도둑까치,
나의 인생여행,
버든: 세상을 바꾸는 힘,7.0
8년을 뛰어넘은 신부,
맹크,9.0
스페셜 솔져,
탱크 투 베를린,
증발,
극장판 포켓몬스터 뮤츠의 역습 EVOLUTION,
마티아스와 막심,7.7
프리키 데스데이,6.0
스카이와 친구들: 로보시티의 비밀,
버스납치,
웬디고: 전설의 몬스터,
파이널 리벤지,
미션 파서블,6.3
새해전야,8.7
몬스터 헌터,5.5
카오스 워킹,4.5
톰과 제리,7.0
어니스트 씨프,7.0
아이,8.0
퍼펙트 케어,7.6
고백,
드림빌더,
송가인 더 드라마,
더블패티,10.
페어웰,7.5
엘프,6.8
워 위드 그랜파,6.0
스트레스 제로,
빛과 철,8.5
마리오네트,7.0
라스트 레터,
더 레이서,6.0
세상의 모든 디저트: 러브 사라,
호라이즌 라인,4.0
디지몬 어드벤처 : 라스트 에볼루션 인연,
프라미싱 영 우먼,7.3
인투 더 미러,6.0
극장판 페이트/그랜드 오더 신성원탁영역 카멜롯 완더링; 아가트람,
시간의 끝에서 널 기다려,
잃어버린 얼굴 1895,
해변의 에트랑제,
이 안에 외계인이 있다,
ARKO LIVE 뮤지컬 시데레우스,
서바이브 더 나잇,4.0
리틀드래곤 코코넛2: 정글대탐험,
"구라, 베토벤",8.3
용루각2: 신들의 밤,
로그시티,6.0
폴리스,
칙 파이트,5.0
살아남은 사람들,8.0
헬렌: 내 영혼의 자화상,7.0
스푸트닉,6.0
정브르의 동물일기,
늑대와 빨간 재킷,5.0
간이역,6.0
아홉수 로맨스,
내겐 너무 어려운 연애,
미드나잇 버스,
라스칼라 갈라 콘서트: 별들을 다시 보려고,
바바 야가: 숲의 악령,
BBC프롬스: 아르헤리치와 바렌보임 콘서트,
데스 숏컷,3.0
라이브 하드,
일론 머스크: 리얼 아이언맨,
더 넌 : 돌아온 저주,
우당탕탕 캠핑가족,
홀리데이 헬,
방황하는 네덜란드인,
라스트 특공대,
데스 오브 미,3.0
레컨,
도망친 여자,9.0
더 허니문,
무사: 400 vs 1,
어쌔신 게임,
미나리,8.2
고질라 VS. 콩,7.7
라야와 마지막 드래곤,8.0
더 박스,
최면,5.0
모리타니안,7.8
리스타트,5.7
자산어보,8.4
브레이브 언더 파이어,7.0
몬테크리스토: 더 뮤지컬 라이브,
웨이 다운,5.0
아이 씨 유,6.0
정말 먼 곳,10.
그녀가 사라졌다,6.5
스파이의 아내,9.7
암모나이트,8.0
파이터,8.2
아무도 없는 곳,
아르코 라이브 뮤지컬 호프,
내일도 우린 사랑하고 있을까,
와일드 마운틴 타임,6.0
"조제, 호랑이 그리고 물고기들",8.5
쁘떼뜨,
해길랍,
커피 오어 티,
랜드,
국카스텐 콘서트 실황 : 해프닝,
유어 아이즈 텔,
아수라도,
라라의 신비한 모험,
트웬티 해커,
디 아더 사이드,6.0
아이카,
원초적 본능,
반딧불이 딘딘과 용감한 곤충 탐험대,
포제서,5.0
인천스텔라,6.0
멀리가지마라,
신 테니스의 왕자 효테이 vs 릿카이 : 게임 오브 퓨처 전편,
밤빛,7.0
더 터널,5.0
117편의 러브레터,
아일로,
신패왕화 : 예스마담,
주세페 베르디의 '레퀴엠',
특명: 스피드 레스큐,
턴: 더 스트릿,4.8
UFO 스케치,
실종: 사라진 사람들,
그리고 방행자,
람보-특별판,6.8
유공자,
3개의 얼굴들,
출동! 시크릿 보틀 수호대,
스매시 앤 그랩: 보석강도단 핑크 팬더,
BBC프롬스: 그라치니테-틸라와 버밍엄 심포니,
시 읽는 시간,
노가리,
인싸,
킬러파티 (양수리 살인사건),
루시드 드림,
오늘부터 우리는!!,
끝난 사람,
프로젝트 마스,
센코롤 커넥트,
더 킹: 독립 전쟁,
노 맨스 랜드,
버스납치 리턴즈,
솔져스 리벤지,
스카이라인: 라스트 워,
주짓수,
300: 전사의 귀환,
서복,6.8
내일의 기억,6.0
명탐정 코난: 비색의 탄환,
노바디,8.0
비와 당신의 이야기,4.5
더 스파이,8.5
노매드랜드,8.3
모탈 컴뱃,7.5
더 파더,7.6
어른들은 몰라요,
마크맨,5.5
타인의 친절,
레 미제라블,8.1
비밀의 정원,7.0
유다 그리고 블랙 메시아,7.3
"사랑하고 사랑받고, 차고 차이고",8.0
당신의 사월,
피넛 버터 팔콘,6.3
코스믹 씬,2.0
나소흑전기: 첫만남편,
더스트맨,7.0
부기,
극장판 바다 탐험대 옥토넛 : 불의 고리 대폭발,
"좋은 빛, 좋은 공기",10.
적호서생,
섀도우 클라우드,3.5
추룡 2 : 패왕,
리틀 조,9.0
싱크로닉,4.5
잃어버린 아이들,
스프링 송,4.5
"무순, 세상을 가로질러",
베르나르다 알바,
카르멘,
불어라 검풍아,
코드 기아스: 부활의 를르슈,
BBC프롬스: 거슈윈 영화 음악 콘서트,
바이올린 플레이어,
코지 판 투테,
듄: 드리프터,
테이큰 하드체이싱,
IS 탈출,
나의 먼 가족,
천녀유혼: 인간정,
억남,
어처구니없는,
경성 81호 : 죽지 않는 집,
아르코 라이브 무용 고요한 순환,
미국대전쟁,
복면목사,
작전 23,
내게 찾아온 사랑,
바이킹: 블러드 워,
워 히어로: 솔져 오브 갓,
패트리어트,5.3
분노의 질주: 더 얼티메이트,7.3
크루엘라,7.6
크루즈 패밀리: 뉴 에이지,8.0
스파이럴,6.0
파이프라인,4.7
극장판 콩순이: 장난감나라 대모험,
도라에몽: 스탠바이미 2,
내가 죽기를 바라는 자들,6.5
아들의 이름으로,
내겐 너무 소중한 너,8.0
아이들은 즐겁다,8.0
보이저스,6.5
학교 가는 길,7.1
굴뚝마을의 푸펠,8.5
베르테르,
혼자 사는 사람들,8.5
슈퍼노바,6.0
링: 더 라스트 챕터,
애플,8.5
미스,7.0
범털 2: 쩐의 전쟁,
"2021 스웨그 에이지 : 외쳐, 조선!",
비커밍 아스트리드,6.0
꼬마 마법사 레미 : 견습 마법사를 찾아서,
쇼크 웨이브 2,
"쿠오바디스,아이다",8.5
인트로덕션,10.
쿠사마 야요이: 무한의 세계,
신비아파트 뮤지컬 시즌3 : 뱀파이어왕의 비밀,
크라이시스,6.0
배드 헤어,
키퍼스,5.5
토토리! 우리 둘만의 여름,
파리의 별빛 아래,7.0
어쌔신 프리스트 벡맨,
푸드 몬스터,4/5
구독좋아요알림설정,
아르코 라이브 뮤지컬 인사이드 윌리엄,
예르미타시 예술의 힘,
별의 목소리 X 초속5센티미터,
컴 애즈 유 아,
스쿨 오브 락(樂),
써니,7.8
홈런: 야구소년,
피델리오,
점보,
탐험왕 엘카노&마젤란: 위대한 첫 번째 항해,
소리에 놀라지 않는 사자처럼,
시니어퀸 : 58년 개띠 여고동창생,
킬버드,
초능력 에볼루션,
스페이스 시그널,
보더라인,
특공황비2-무적의 적소검,
무간귀도,
봉신전설,
브레이브 언더 파이어: 디 오리지널,7.0
사일런스 앤드 다크니스,
스파이: 타임 투 저스티스,
컨저링3: 악마가 시켰다,4.8
콰이어트 플레이스 2,8.0
발신제한,6.3
킬러의 보디가드 2,
루카,8.6
캐시트럭,6.5
여고괴담 여섯번째 이야기 : 모교,2.0
아야와 마녀,7.0
미드나이트,4.0
인 더 하이츠,7.7
뱅드림! 로젤리아 에피소드Ⅰ: 약속,
프로페서 앤 매드맨,7.0
사랑하고 사랑받고 차고 차이고,8.0
낫아웃,10.
라이더스 오브 저스티스,7.5
체르노빌 1986,6.0
플래시백,
클라이밍,6.5
"그 여름, 가장 차가웠던",6.5
크레센도,6.0
빛나는 순간,7.0
메이드 인 루프탑,3.0
미스피츠,
괴기맨숀,10.
썰,
흩어진 밤,6.0
웬디,5.5
실크 로드,
강호아녀,
그레타 툰베리,10.
블라이스 스피릿,6.0
다크 앤드 위키드,5.7
전야,
청춘선거,
#위왓치유,
화이트 온 화이트,
프라도 위대한 미술관,
더 데빌,
신해석 삼국지,6.0
뱅퀴시,5.0
까치발,10.
데이팅 앰버,
포겟 미 낫-엄마에게 쓰는 편지,
북샵,7.0
2067,
우리는 매일매일,
레일로드 워,5.8
폭력의 그림자,
"식물카페, 온정",
신 테니스의 왕자 효테이 vs 릿카이 : 게임 오브 퓨처 후편,
전주에서 길을 묻다,
열아홉,7.0
네가 내가 되었으면 좋겠다,
좀비크러쉬: 헤이리,
바보,7.0
저승보다 낯선,
더 배니싱,
레저렉션 이펙트,
흐린 하늘에 웃다,
홀로도모르:우크라이나 대학살,
더 엑시트,
B급 청춘,
글래디에이터 드래곤,
배틀로얄 : 매드랜드,4.2
모가디슈,7.4
블랙 위도우,7.9
싱크홀,4.7
인질,6.6
보스 베이비 2,7.3
랑종,5.8
더 수어사이드 스쿼드,7.8
프리 가이,8.0
정글 크루즈,7.3
이스케이프 룸 2: 노 웨이 아웃,7.3
방법: 재차의,6.0
올드,6.8
귀문,4.0
극장판 도라에몽: 진구의 신공룡,
퍼피 구조대 더 무비,
꽃다발 같은 사랑을 했다,7.5
레미니센스,5.7
은혼 더 파이널,
아이스 로드,6.5
여름날 우리,5.5
그린 나이트,6.0
스페이스 잼: 새로운 시대,5.0
오필리아,6.5
블랙핑크 더 무비,
이번엔 잘 되겠지,
호스트: 접속금지,5.5
피닉스,7.8
남색대문,7.4
팜 스프링스,7.0
코다,7.5
매직아치,
"우리, 둘",7.0
액션히어로,9.0
나는 나대로 혼자서 간다,6.5
와인 패밀리,5.5
트립 투 그리스,6.0
갈매기,6.0
더 퍼지: 포에버,7.0
다이노 마이 프렌드,
워스,7.0
잘리카투,6.5
시카다 3301,
극장판 페이트/그랜드 오더 신성원탁영역 카멜롯 팔라딘; 아가트람,
암살자들,7.0
킬러의 보디가드 2: 킬러의 와이프,
더 그레이트 샤크,3.0
귀신,
박강아름 결혼하다,
코드 카림,4.3
옥스포드 살인사건,5.2
숏버스 이별행,7.5
나만 보이니,4.0
상견니,5.7
생각의 여름,7.0
아이윌 송,
온 더 로드,6.0
바디 브로커,
자마,7.8
어웨이,8.7
CCTV,
언더그라운드,
프랑켄슈타인,6.0
아담,6.0
샤먼 로드,
자메이카의 소울: 이나 데 야드,
피어 오브 레인,
미션 임파서블: 루벤,9.0
더 나이트,6.0
숏버스 감성행,
더 레치드: 악령의 저주,
캐논볼,5.3
뮤턴트 워,
아메리칸 히트맨,
트리거 포인트,
사보타지 1941,
카발레리아 루스티카나,
올리버 색스: 그의 생애,
포이즌 로즈,4.0
가족은 괴로워3: 아내여 장미처럼,
숲의 비명 : 사라진 사람들,
슈퍼딥,
배틀 크랙,2.0
켈리 갱,6.5
허리 고 라운드,
사제로부터 온 편지,
대테러부대: 팀 울프,
복호무송,
아웃브레이크,
일루셔니스트,7.3
보통날,
너는 저편에,
상애상친 : 여자 이야기,
영면,
마네킹,6.3
치와와,
더 드라이버,
드래곤 솔져,
리벤지 오브 인사이트,
어댑테이션,6.7
사랑인가 바,
도신-천하지독존,
몽키킹5 절대신공,
개그 더 크라운,
리본,
저주받은 자들,
샹치와 텐 링즈의 전설,7.7
보이스,
기적,7.7
007 노 타임 투 다이,7.0
"극장판 포켓몬스터: 정글의 아이, 코코",
극장판 짱구는 못말려: 격돌! 낙서왕국과 얼추 네 명의 용사들,
맨 인 더 다크 2,6.0
캔디맨,5.0
말리그넌트,6.7
건파우더 밀크셰이크,5.3
잔나비 판타스틱 올드패션드 리턴즈! x 넌센스 Ⅱ,
리스펙트,8.0
뱅드림! 로젤리아 에피소드 Ⅱ : 송 아이 엠,
좋은 사람,7.5
최선의 삶,6.5
용과 주근깨 공주,7.0
아임 유어 맨,6.5
스피릿,
수색자,6.0
토베 얀손,6.5
슈퍼문,
내가 날 부를 때,6.5
극장판 마이 리틀 포니: 새로운 희망,
아-하: 테이크 온 미,4.4
종착역,7.5
바쿠라우,7.7
상견니 대만판 13화,
사운드 오브 데스,4.5
나의 흑역사 로맨티카,4.0
습도 다소 높음,6.5
쇼미더고스트,6.0
어시스턴트,7.0
영화의 거리,5.0
죽을 때까지,5.7
그대 너머에,6.0
코끼리와 나비,6.5
아리아 : 더 크레푸스콜로,
미켈란젤로,6.0
꿈꾸는 고양이,
공작조: 현애지상,6.0
스네이크 아이즈: 지.아이.조,4.0
로빈의 소원,
아버지의 길,8.0
다크 스펠,
변신 : 어느날 갑자기,
이스트 워,
스쿨 아웃 포에버,5.5
아리아 : 디 아베니레,
묵향,
레커닝,
윙스 오버 에베레스트,5/5
창극 패왕별희,
사다코,4.3
서유기: 재세요왕,
미씽: 사라진 딸,
로스트 인 런던,
섹슈얼 네이처,
스코치드 어스: 분노의 추격자,
엑소시즘: 악령의 눈동자,
작전: 라스트 어썰트,
수필러브,
숏버스 기묘행,6.0
미인도-황제의 시녀,
위험한 정사 2,
러브 스파이: 바브 앤 스타,
디스 아메리카노,
레드 아워,
금의위-명조자객,
마계대전,
스왈로 탐험대와 아마존 해적,
마녀의 저주,
맨디 : 귀신들린 인형,
헬 아미,
베놈 2: 렛 데어 비 카니지,5.8
듄,8.7
고장난 론,7.7
라스트 듀얼: 최후의 결투,7.8
노회찬6411,7.0
F20,
아네트,7.4
스틸워터,6.7
애프터: 관계의 함정,3.0
쁘띠 마망,6.7
십개월의 미래,6.0
바다 탐험대 옥토넛 : 육지수호 대작전,
화이트데이: 부서진 결계,7.7
타다: 대한민국 스타트업의 초상,8.0
매직 스쿨: 초보마법사 아우라의 대모험,
동백,5.0
첫눈이 사라졌다,7.0
스페이스 독 3: 트로피컬 어드벤처,
한창나이 선녀님,6.0
휴가,6.5
당신은 믿지 않겠지만,7.0
부니베어: 애들이 줄었어요,
그림자꽃,7.0
할로윈 킬즈,5.0
당신얼굴 앞에서,8.3
푸른 호수,8.3
실: 인연의 시작,6.5
브라더,4.0
피어썸,
킬링 오브 투 러버스,9.0
졸트,5.3
다함께 여름!,7.0
더 하더 데이 폴,
컴백트레일,
가치 캅시다,5.0
바바리안,
경고,6.0
보이 비하인드 도어,
퍼펙트 스틸,
가족의 색깔,6.0
뫼비우스,6.7
사상,6.0
구원받은 도둑,
바람아 안개를 걷어가다오,7.0
울림의 탄생,
마를린,
보는 것을 사랑한다,5.0
숏버스 섬뜩행,5.0
피치 오브 타임 극장판,
스티브 맥퀸: 더 맨 앤 르망,
메이드 인 아메리카,
비하인드 유,
테이크 백,
무림신검,
양방언과 국립국악관현악단-인투 더 라이트,
손오공-대몽서유기,
천녀유혼: 귀애도,
기문마계,
그녀의 가족은 잘못이 없어,
도신-지존천하,
신용문 무림,
언노운 에이전트 더 미션,
이터널스,6.3
장르만 로맨스,7.0
유체이탈자,6.4
강릉,4.3
엔칸토: 마법의 세계,7.0
연애 빠진 로맨스,8.0
아담스 패밀리 2,5.0
디어 에반 핸슨,6.3
프렌치 디스패치,7.8
귀멸의 칼날: 남매의 연,7.5
귀멸의 칼날: 나타구모산 편,9.0
뱅드림! 필름 라이브 세컨드 스테이지,
너에게 가는 길,8.8
"틱, 틱... 붐!",9.5
퍼스트 카우,8.2
메이드 인 이태리,5.5
1984 최동원,7.0
세버그,7.6
빌리 홀리데이,8.0
파워 오브 도그,8.3
후겟츠 웨슬리,6.0
행복의 속도,
괴짜들의 로맨스,6.0
무녀도,6.0
송해 1927,
라임크라임,6.7
"러브 어페어: 우리가 말하는 것, 우리가 하는 것",6.5
싸반,5.0
싸나희 순정,8.0
뉴 오더,7.0
아워 미드나잇,8.0
언포기버블,6.3
"사비나: 그리스도를 위한 고난, 나치 시대",
왕십리 김종분,8.0
악인은 너무 많다 2 - 제주 실종사건의 전말,4.0
로또쉐어,
고양이에게 밥을 주지 마세요,5.0
크림,6.0
나를 잡아줘,6.0
어 굿 맨,6.0
로그북,
"나의 끝, 당신의 시작",8.5
태양은 움직이지 않는다,
시그널 X: 영혼의 구역,
침묵의 숲,6.5
귀토-토끼의 팔란,
핫 블러드,
죽이러 간다,
더 프레지던트,8.0
글래디에이터: 레전드 워리어,
에이펙스,
숏버스 감독행,6.0
앰뷸런스,7.0
밀리터리 맨,
맨 인 러브,
애프터 에브리씽,
코스모볼,
원티드 킬러,5.0
진혼법사,
타임 이즈 업,
천지열혈 양가장,
도굴: 귀취전설,
흑협: 무림영웅단,
보조바퀴,
주신: 제갈정운,
당신은 학생인가,
작은 방안의 소녀,
남의 나라,3.1
케이지드,
클리너:살인마의 집,
사대명포: 제국의 비밀,
어쌔신 더 엑스,
스파이더맨: 노 웨이 홈,8.5
킹스맨: 퍼스트 에이전트,7.5
매트릭스: 리저렉션,4.5
해피 뉴 이어,5.7
고스트버스터즈 라이즈,7.3
돈 룩 업,7.0
태일이,8.5
라스트 나잇 인 소호,7.1
극장판 소드 아트 온라인 -프로그레시브- 별 없는 밤의 아리아,
몬스타엑스 : 더 드리밍,
신데렐라 2: 마법에 걸린 왕자,
귀멸의 칼날: 주합회의·나비저택 편,10.
드라이브 마이 카,9.0
마이 뉴욕 다이어리,5.7
베네데타,7.7
티탄,7.9
팬텀: 더 뮤지컬 라이브,
킬링 카인드: 킬러의 수제자,4.7
램,5.6
리슨,6.7
스파이 캣,
라라와 크리스마스 요정,3.4
간호중,
노아의 방주 2: 새로운 세계로,
여타짜,4.0
로그 인 벨지움,10.
캅샵: 미친놈들의 전쟁,4.7
마마무 2021 웨어 아 위 콘서트 더 무비,
피부를 판 남자,7.0
나는 조선사람입니다,6.0
끝없음에 관하여,6.5
노웨어 스페셜,7.0
소설가 구보의 하루,7.0
십계,7.6
해피 아워,8.3
포에버 퍼스트 러브,4.0
신의 손,5.9
언힐러,5.0
왼팔의복서 닉,5.0
리틀 뱀파이어,7.0
피어: 마지막 생존자,
노트르담,
갱경떡삥이,
총을 들지 않는 사람들: 금기에 도전,
기억의 시간,
사울 레이터: 인 노 그레이트 허리,3.8
가면-감춰진 진실,
그레이트 샤크2,
이상존재,
엔드리스,
꽃손,
기우제,
우리는 이별에 서툴러서,
리유니언,5.0
사막을 건너 호수를 지나,6.0
타이거마스크,
데스 파이터 : 죽음의 매치,
숏버스 배우행,6.0
긴 하루,
스카이파이어,
더 매치: 1944,
천기검,
2솔져스: 배틀필드,
산타킬러스,2.0
무림팔선,
기문환생,
필로포비아,
칼리버 9: 마피아 워,
기문둔갑: 괴소소녀,
무림철검,
커밍 홈 인 더 다크,
사운드 오브 서울,
인생게임,
리버,
라자루스,6.6
신조무림,
기문환생2: 강호혈투,
메모리: 조작살인,10.
신조영웅,
씽2게더,6.0
경관의 피,6.8
해적: 도깨비 깃발,4.3
특송,7.6
킹메이커,8.0
하우스 오브 구찌,7.8
웨스트 사이드 스토리,6.3
극장판 안녕 자두야: 제주도의 비밀,
클리포드 더 빅 레드 독,5.5
레지던트 이블: 라쿤시티,3.5
비욘드라이브 더 무비 : 엔시티 레조넌스,
어나더 라운드,7.4
청춘적니,6.5
도쿄 리벤저스,5.0
장민호 드라마 최종회,
프랑스,8.0
프리! 더 파이널 스트로크 전편,
걸즈 앤 판처 최종장 제3화,
미싱타는 여자들,7.0
인어가 잠든 집,6.0
해탄적일천,6.0
블루버스데이,
원 세컨드,8.3
극장판 천재 추리 탐정 셜록홈즈,6.0
피드백,4.5
엔드게임: 나는 킬러다,5.0
바이올렛 에버가든 오케스트라 콘서트 2021,
전장의 피아니스트,7.0
미스터 앤 미세스 아델만,10.
존경하고 사랑하는 국민여러분,
임신한 나무와 도깨비,8.0
레이징 파이어,
포 언투 어스,
스피드 : 레이스 1,5.0
아이 스틸 빌리브,
데드락: 라스트 리벤지,
효자,5.0
시카리오: 나이트 오브 이스케이프,
투모로우 아포칼립스,
샌 안드레스 메가 대지진,
"천년의 노래, 리버스",
걸 위드 더 카메라,
좀비 살아있다,
보리스 고두노프,
신들의 분노,2.0
블러드써스티,6.0
트로트는 인생이다,
더 모텔,
수호무적,
탈명검: 풍운재기,
밀라노 두오모 콘서트,
원샷,
미결처리반 Q: 침묵의 암살자,
글래디에이터 썬더,
금의위: 초능척살대,
대무사,
특수부대 코만도,
"1975 킬링필드, 푸난",
워 서바이버,
유혹의 한계,
킬러 하이드,
파이널 싸움의 기술,
언차티드,6.3
극장판 주술회전 0,7.7
나일 강의 죽음,6.0
안테벨룸,6.0
인민을 위해 복무하라,3.0
355,5.7
나의 촛불,
나이트메어 앨리,7.8
극장판 바다 탐험대 옥토넛 : 해저동굴 대탈출,
만년이 지나도 변하지 않는 게 있어,5.5
시라노,7.8
리코리쉬 피자,7.9
피그,7.0
굿 보스,6.3
전투왕,
광대: 소리꾼,
애니멀 체인지,
매미소리,4.0
우리가 사랑이라고 믿는 것,7.3
리프레쉬,3.0
비틀즈 겟 백: 루프탑 콘서트,
역으로 가는 길을 알려줘,6.0
가슴이 떨리는 건 너 때문,4.0
스크림,7.0
서바이벌리스트,4.5
셰터드,
늦봄2020,10.
와일드 리벤지: 마지막 한 놈까지,
보드랍게,6.0
더 마더,6.0
축복의 집,6.0
온 세상이 하얗다,7.0
세라비: 다섯 번의 기적,6.0
코만도,
시크릿 카운터,5.0
행성충돌: 지구 최후의 날,
대한민국 대통령,
창극 변강쇠 점 찍고 옹녀,
미인,3.9
파이어 셧 업 인 마이 본즈,
아웃브레이크 호텔,
짬뽕비권,
밴드스탠드,
비올레타,7.8
야연2,
첩혈강호,
카니발 클럽,
칼의 전쟁,
크리미널 카운트다운,
삼국지 관운장: 청룡언월도,
벌지 탱크 대전투,
카잭,6.1
글래머,
미시간 살인사건,
더 배트맨,8.1
이상한 나라의 수학자,7.3
뜨거운 피,
문폴,4.5
모비우스,6.1
스펜서,7.7
나의 히어로 아카데미아 더 무비: 월드 히어로즈 미션,6.0
블랙라이트,4.0
배니싱: 미제사건,4.0
하늘의 푸르름을 아는 사람이여,6.0
벨파스트,7.5
메리 미,6.0
킹 리차드,7.8
에펠,5.0
레벤느망,8.4
뱅드림! 팝핀' 드림!,
도어맨,4.0
고양이들의 아파트,3.4
리디밍 러브,5.0
소피의 세계,6.5
극장판 금빛 모자이크 땡큐!!,4.3
유어 러브 송,5.0
나이트 레이더스,6.6
패러렐 마더스,7.5
드라이,6.8
그 남자는 타이타닉을 보고 싶지 않았다,8.5
극장판 시그널,5.0
어거스트 버진,7.3
B컷,3.5
사랑 후의 두 여자,8.5
재춘언니,6.0
레드 로켓,
아망떼,5.0
캐슬 폴스: 머니 게임,4.0
하로동선,
마지막 대전투: 전장의 영웅들,
FBI 데스트랩,
가무악칠채,
우주에서 가장 밝은 지붕,
에우리디체,
역할들,
아이돌레시피,
브릭스턴 테일,
테이블 매너,
곡녀,
인비저블 킬러,
7인의 악인전,
성적유희의 극한적 경험,
더 컨테이젼: 바이러스의 습격,
인베이젼 2022,
데스 밸리,
웨이크 업,
이스케이프 룸: 공포의 퍼즐,
죽음의 서약,
신비한 동물들과 덤블도어의 비밀,6.3
수퍼 소닉2,6.0
니 부모 얼굴이 보고 싶다,6.6
앵커,5.8
공기살인,8.0
로스트 시티,6.4
스텔라,6.0
서울괴담,
루이스 웨인: 사랑을 그린 고양이 화가,7.5
세븐틴 파워 오브 러브 : 더 무비,
봄날,7.3
말임씨를 부탁해,6.5
불도저에 탄 소녀,6.0
몬스터 아카데미,6.0
소설가의 영화,7.8
쓰리: 아직 끝나지 않았다,7.7
로망스 돌,5.0
쿠폰의 여왕,6.0
복지식당,7.0
태어나길 잘했어,4.0
더 컨트랙터,6.0
약속의 네버랜드,5.0
4월은 너의 거짓말,5.0
뮤지컬 킹키부츠 라이브,6.0
내가 처음으로 사랑한 소녀,6.5
"위대한 계약: 파주, 책, 도시",
하빗,
열대왕사,8.0
그리스도 디 오리진,
청킹맨션,
나의 집은 어디인가,8.3
고스팅 글로리아,6.0
아메리칸 저스티스,
부기나이트,7.0
늑대들,
달빛 그림자,6.0
평평남녀,6.0
팔마,6.0
파일럿: 배틀 포 서바이벌,6.0
데스위시 더 게임,
몬스터 아일랜드,
헝거,8.0
파리의 피아니스트: 후지코 헤밍의 시간들,
엄마와 나,10.
웨이트: 감각에 눈뜰 때,
신데렐라,5.6
"다녀와요, 다녀왔습니다",
천국에서 무덤까지,
대명금의위,
대전투 1944,
행복을 전하는 편지,
도진강호,
어라이즈,
금의위4 지존무사,4.1
아파치 정션 : 무법자의 지대,
금의위 3인의 무사 2,3.9
이스케이프 런,4.7
3.5교시,
그것은 물 밑에서 온다,
죽음의 땅,5.2
크리처 인 더 다크,
범죄도시 2,7.7
닥터 스트레인지: 대혼돈의 멀티버스,7.3
배드 가이즈,7.0
그대가 조국,10.
극장판 엉덩이 탐정: 수플레 섬의 비밀,
민스미트 작전,5.7
"아치의 노래, 정태춘",8.0
어부바,3.0
우연과 상상,8.6
안녕하세요,9.2
엄마,6.3
몬스터 싱어: 매직 인 파리,6.0
피는 물보다 진하다,3.5
뜨거운 피: 디 오리지널,
토르: 마법 검의 전설,
오마주,8.3
나를 만나는 길,6.0
매스,9.5
"파리, 13구",8.0
퍼스트 러브,5.0
더 노비스,8.5
파이어스타터,
완벽한 축사를 준비하는 방법,8.0
스프링 블라썸,3
셧 인,
플레이그라운드,7.5
핑크퐁과 아기상어의 월드투어쇼,
잭 인 더 박스,3.5
히든,8.1
봉명주공,7.0
소설의 신,
크로스 더 라인,7.0
데드캠핑 더라이브,
"허황옥 3일, 잃어버린 2천 년의 기억",
허셀프,6.5
영희,
해피 데스나이트,
그날,
액션동자,
인연을 긋다,
쏴!쏴!쏴!쏴!탕,
마지막부자 최준,
카사네 : 빼앗는 얼굴,
쥬라기 리턴즈,
그래니트: 트루 솔저,
리골레토,
메이드인세운상가,4.6
명색이 아프레걸,
대명금의위2: 척살무사,
욕망: 신세계,
이터널 로드,
쿵푸 허슬: 무적 파이터,
쥬라기 월드: 도미니언,7.5
마녀(魔女) Part2. The Other One,5.0
탑건: 매버릭,8.7
브로커,6.9
극장판 포켓몬스터DP: 기라티나와 하늘의 꽃다발 쉐이미,
버즈 라이트이어,6.8
헤어질 결심,8.9
애프터 양,8.3
카시오페아,8.0
극장판 윌벤져스 : 수상한 캠핑 대소동,
룸 쉐어링,6.0
특수요원 빼꼼,
실종,6.2
니얼굴,10.
모어,7.0
베르네 부인의 장미정원,
이공삼칠,3.0
경아의 딸,6.3
벰: 비컴 휴먼,
컴온 컴온,7.3
윤시내가 사라졌다,7.8
미친 능력,6.3
더 렛지,4.5
프리! 더 파이널 스트로크 후편,
위대한 침묵,7.4
감동주의보,3.0
비욘드 라이브 더 무비 : 샤이니 월드,
올리 마키의 가장 행복한 날,7.0
아부쟁이,4.0
고스트랜드,
그대라는기억 연숙씨,6.0
우스운게 딱! 좋아!,7.0
"괴물, 유령, 자유인",6.0
크리미널 트위스트,
디어헌터(감독판),
갓길로 달리는 코뿔소,
센티그레이드,
제미나이: 지구 최후의 날,
데쓰 캘린더,
블레이징 썬,
이상한 나라의 아빠,
두개의 눈,
#해시태그,
보통의 용기,
셀링 이소벨,
눈감은 여름,
정복자 윌리엄,
리멤버 미,3/5
화피사,
소리없는 추격자,
1945 그레이트 워,
금의위5-풍운제일검,
꼭두각시,3.0
리터너 : 타임 킬러,
산사나무 아래,8.3
애프터 체르노빌,9.2
개인레슨,9.4
일진 2,
일진 3,
대가리2-학교무림,
대가리3-일진후배들,
토르: 러브 앤 썬더,6.6
한산: 용의 출현,7.9
미니언즈2,
외계+인 1부,8.5
명탐정 코난: 할로윈의 신부,10.
뽀로로 극장판 드래곤캐슬 대모험,
엘비스,8.7
빅샤크4: 바다공룡 대모험,
더 킬러: 죽어도 되는 아이,6.0
뒤틀린 집,5.3
그레이 맨,
큐어,8.0
썸머 필름을 타고!,6.3
체리마호: 30살까지 동정이면 마법사가 될 수 있대,4.0
로스트 도터,8.0
멘,6.8
뿌까의 짜장면파티,
비욘드 라이브 더 무비: 엑소의 사다리 타고 세계여행3,
아이를 위한 아이,6.0
배드 럭 뱅잉,10.
메모리,
임파서블 러브,
핸썸,
초록밤,7.0
아이언 크로스: 노르망디 상륙작전,
군다,7.5
워헌트,
낙소스 섬의 아리아드네,
어쌔신 트랩,
데이 투 다이,2.0
언더 샤크,
안나푸르나: 비욘드 써밋,
스파이형 모델,
왕좌의 법칙,
콜드워,7.8
적인걸: 천안의 비밀,
섹스 앤 퓨리,
그림자라 불리는 남자들,
헌트,8.7
비상선언,5.0
육사오(6/45),8.3
놉,8.0
DC 리그 오브 슈퍼-펫,
불릿 트레인,5.8
바다 탐험대 옥토넛 : 탐험선 대작전,
극장판 도라에몽: 진구의 우주소전쟁 리틀스타워즈 2021,
리미트,4.0
시맨틱 에러: 더 무비,10.
귀멸의 칼날: 아사쿠사 편,
극장판 살아남기 시리즈: 인체에서 살아남기,
사랑할 땐 누구나 최악이 된다,7.2
녹턴,6.5
"굿 럭 투 유, 리오 그랜드",5.0
풀타임,8.3
베르히만 아일랜드,10.
멋진 세계,9.0
뱅크시,10.
파라다이스 하이웨이,6.0
코코순이,
보일링 포인트,7.0
어웨이크,6.2
파로호,5.0
큐브,3.0
기도의 숨결,
썬다운,8.5
말아,7.0
리볼버,6.4
노스맨,
아라시 20주년 투어 콘서트 5✕20,
모퉁이,
투란도트 어둠의 왕국,
콘서트를 지켜라,
히즈 아웃 데어,
오싹한 동거,
인플루엔자,6.0
작은새와 돼지씨,7.5
투란도트,
락다운 213주,2.0
카우,9.0
우먼,
K클래식 제너레이션,
테이크 오프: 파도위에 서다,
긴급구원 더레스큐,
미인도: 와신상담,
슈퍼 후?,
합마신공,
금의위: 용의 비검,
대명천군 금의위,
내가 못 나가는 것도 아닌데,
유나바머: 테드 K,
제로스 앤 원스,2.0
머메이드 다운,
공조2: 인터내셔날,7.1
늑대사냥,4.3
정직한 후보2,5.3
극장판 엄마 까투리: 도시로 간 까투리 가족,
아바타 리마스터링,8.8
인생은 아름다워,8.0
블랙폰,7.7
인생은 뷰티풀: 비타돌체,
"어쩌다 공주, 닭냥이 왕자를 부탁해!",
극장판 짱구는 못말려: 수수께끼! 꽃피는 천하떡잎학교,
극장판 5등분의 신부,
쥬라기캅스 극장판: 공룡시대 대모험,
드래곤볼 슈퍼: 슈퍼 히어로,
극장판 헬로카봇: 수상한 마술단의 비밀,
프린세스 아야,6.0
오! 마이 고스트,4.0
한여름밤의 재즈,7.5
귀멸의 칼날: 장구저택 편,
9명의 번역가,5.3
둠둠,5.5
애프터: 에버 해피,3.0
홈리스,7.0
썬더버드,5.5
다 잘된 거야,8.5
아이의 노랫소리를 들려줘,8.0
성적표의 김민영,7.0
카고,
비스트,4.0
성덕,6.7
물방울을 그리는 남자,8.5
로보카폴리 안전교실 교통편,4.7
달이 지는 밤,7.0
기기묘묘,
우리가 말하지 않은 것,1.0
자드 - 왓 어 뷰티풀 모먼트 투어,
부적: 남의 운을 빼앗는 자,5.0
2차 송환,8.0
당신의 이웃은 친절하지 않다,
주연,
람메르무어의 루치아,
블레이즈,7.0
암스테르담 바이스,
미션 투 베를린,
벽혈금의위,
블레이드 퍼피 워리어,
쌍화점,7.2
적인걸: 음양사,
도굴: 패왕총,
EBS친구들 씽씽 댄스파티,
수호지-귀족영웅 노준의,
데인저 파크,
크라이오,9.6
블랙 아담,5.6
자백,7.0
리멤버,8.7
에브리씽 에브리웨어 올 앳 원스,9.1
오펀: 천사의 탄생,6.0
스마일,6.0
대무가,6.0
티켓 투 파라다이스,8.0
고고다이노 극장판: 얼음공룡의 비밀,
컴백홈,4.7
귀못,
스파이더맨: 노 웨이 홈 '펀버전',8.5
신 에반게리온 극장판,9.0
극장판 검정고무신 : 즐거운 나의 집,7.0
아인보: 아마존의 전설,7.0
미혹,6.7
엑스칼리버 더 뮤지컬 다큐멘터리: 도겸의 찬란한 여정,
애프터 미투,
십센치 : 권정열 인 시네마,
캐릭터,
극장판 유루캠△,
거래완료,8.7
프로메어,
에이비식스 : 테이크 어 챈스,
죽어도 자이언츠,
바커스: 고양이를 조심해!,
나를 죽여줘,8.0
낮과 달,7.0
수프와 이데올로기,7.5
극장판 이세계 콰르텟: 어나더 월드,
은하철도 999 - 극장판,7.2
"그 남자, 좋은 간호사",6.5
할로윈 엔드,5.0
에반게리온 신극장판: 파,8.4
4DX 문유,
에반게리온 신극장판: Q,8.0
더 요트,4.5
스타게이저: 아스트로스코프,
낮에는 덥고 밤에는 춥고,6.5
기동전사 건담 쿠쿠루스 도안의 섬,
아나이스 인 러브,8.5
에반게리온 신극장판: 서,8.2
선데이리그,5.0
도그,7.0
어제 뭐 먹었어? -극장판,4.6
태안,
디셉션,9.0
사잇소리,
시대혁명,
햄릿,
포프란: 사라진 X를 찾아서,4.5
라이어×라이어,
인간실격,
블랙 팬서: 와칸다 포에버,7.0
올빼미,7.7
데시벨,7.0
동감,6.0
압꾸정,3.5
폴: 600미터,6.3
스트레인지 월드,
원피스 필름 레드,8.0
탄생,7.7
고속도로 가족,6.8
엔시티 드림 더 무비 : 인 어 드림,
유포자들,5.0
극장판 소드 아트 온라인 -프로그레시브- 짙은 어둠의 스케르초,
한산 리덕스,
양자경의 더 모든 날 모든 순간,9.1
가재가 노래하는 곳,6.0
본즈 앤 올,7.7
걸리버 리턴즈,
"오늘 밤, 세계에서 이 사랑이 사라진다 해도",6.5
미시즈 해리스 파리에 가다,7.0
심야카페: 미씽 허니,7.0
내 친한 친구의 아침식사,7.0
아마겟돈 타임,7.7
같은 속옷을 입는 두 여자,6.4
창밖은 겨울,8.0
놈이 우리 안에 있다,5.0
세이레,6.5
탑,7.5
기예르모 델토로의 피노키오,7.3
알카라스의 여름,7.5
킹덤2: 아득한 대지로,6.0
옆집사람,7.0
첫번째 아이,6.0
살인청부업자,6.0
그녀가 말했다,6.5
너와 사랑한 시간,5.0
블로우백,
피가로~피가로~피가로,
초선,
파이어버드,7.0
내추럴 바이스,
"바르도, 약간의 진실을 섞은 거짓된 연대기",5.0
트랜스,
분노의 추격자,5.7
블랙 사이트,
머슴바울,
에브리띵 윌 체인지,
뮤지컬 <미아 파밀리아>,
"그 겨울, 나는",7.0
우수,7.7
존 덴버 죽이기,
통영에서의 하루,6.0
영화감독 노동주,
창극 춘향,
헬 카운트,
픽션들,
모자산책,
인어; 바다를 부른 여인,
아르키메데스의 대전,
루팡의 딸 극장판,
컴어웨이,4.0
경성별희,
쿵푸 외전,
맨 온 엣지,
아르코라이브 무용 물속 골리앗,
뮤지컬 스페셜딜리버리,
깐부(코로나방학소동),
작은연못,8.3
음양살수,
천년여우,7.9
히트맨: 코드네임 버튜소,
아바타: 물의 길,8.0
영웅,7.5
신비아파트 극장판 차원도깨비와 7개의 세계,
극장판 뽀로로와 친구들: 바이러스를 없애줘!,
젠틀맨,7.0
눈의 여왕5: 스노우 프린세스와 미러랜드의 비밀,
프레이 포 더 데블,4.5
핑크퐁 시네마 콘서트 2: 원더스타 콘서트 대작전,
스페이스 키드: 우주에서 살아남기,
더 메뉴,8.0
크리스마스 캐럴,7.5
몬스터 신부: 101번째 프로포즈,
헤이지니&럭키강이 비밀의 문,
페르시아어 수업,8.5
만인의 연인,6.5
코르사주,7.7
극장판 가면라이더: 세이버X젠카이저 슈퍼히어로 전기,
가가린,8.5
화이트 노이즈,5.0
크레이지 컴페티션,9.0
튜브펫주식회사,
이태석,
데솔레이트,
극장판 소드 아트 온라인 프로그레시브 짙은 어둠의 스케르초,
요정,6.0
메모리아,7.0
지옥의 화원,
견왕: 이누오,
"므이 : 저주, 돌아오다",
나나,6.0
혜옥이,7.0
마이 선,4.0
뮤직 바이 시아,5.0
더 게임,6.9
라스트필름,6.0
디모: 벚꽃의 소리,
팬픽에서 연애까지,5.0
동행: 10년의 발걸음,
1번국도,
이스터 선데이,
양성인간,
청춘시련,
레드 씨,
야쿠자 프린세스,
희망의 요소,5.0
희수,7.0
제이오원 더 무비 <미완성>  고 투 더 탑,
화피사2: 요괴전쟁,
미애언니라고 불러줘,
아비바,9.8
캅 시크릿,9.6
단청낭자,
특공여전사,
요로나: 끝나지 않은 저주,
더 퍼스트 슬램덩크,8.5
교섭,5.7
장화신은 고양이: 끝내주는 모험,6.7
유령,6.6
스위치,6.7
메간,7.5
캐리와 슈퍼콜라,
라일 라일 크로커다일,7.0
3000년의 기다림,6.8
프린스 챠밍,
천룡팔부: 교봉전,6.7
돌핀보이,
극장판 파워레인저 캡틴포스: 지구를 위한 싸움,
시간을 꿈꾸는 소녀,6.0
문맨,6.0
엄마의 땅: 그리샤와 숲의 주인,6.0
유랑의 달,7.0
마리앙투아네트,6.6
뮤지컬 레드북,
해시태그 시그네,7.8
라인,7.0
위너 2022 콘서트 더 서클 더 무비,
패닉 런,5.7
"열여덟, 어른이 되는 나이",7.0
새비지 맨,
10일간의 애인,
강남좀비,2.0
처음 꽃향기를 만난 순간,6.0
나는 마을 방과후 교사입니다,
울브스 오브 워,
겨울 이야기,
뮤지컬 배니싱,
벤데타: 복수의 시간,
뮤지컬 번지점프를 하다,
새를 사랑한 화가,6.0
빌리 아일리시: 라이브 앳 디 오투 (확장판),
매복,
별 볼일 없는 인생,
트루 마더스,
아포리아,
프리 데드 오어 얼라이브,
견자단의 용호무사,
생각 그런거 없는데요,
FBI: 마약전쟁,
앤트맨과 와스프: 퀀텀매니아,7.0
카운트,7.7
서치 2,7.8
바빌론,8.3
마루이 비디오,6.0
방탄소년단: 옛 투 컴 인 시네마,
어메이징 모리스,
두다다쿵: 후후섬의 비밀,
다음 소희,7.3
몬스터 하우스2: 인비져블 피닉스,
애프터썬,8.2
바다 탐험대 옥토넛 육지수호 대작전 : 열대우림을 지켜라!,
네가 떨어뜨린 푸른 하늘,4.0
TAR 타르,6.3
극장판 전생했더니 슬라임이었던 건에 대하여: 홍련의 인연편,
미녀와 야수: 마법에 걸린 왕자,
어쩌면 우린 헤어졌는지 모른다,6.0
우리 사랑이 향기로 남을 때,4.5
트윈,6.0
성스러운 거미,8.7
"안녕, 소중한 사람",8.0
살수,4.3
단순한 열정,2.5
이마 베프,6.0
원 웨이,1.0
울프 하운드,
궁지에 몰린 쥐는 치즈 꿈을 꾼다,7.0
라스트 버스,6.0
디텍티브 나이트: 가면의 밤,4.0
카메라를 멈추면 안 돼! 프랑스에서도,6.0
스톰 보이,6.0
피터 본 칸트,8.5
루비콘,
컨버세이션,7.0
극장판 겁쟁이 페달,
극장판 카케구루이2: 절체절명의 러시안 룰렛,
관계의 일변,
지퍼스 크리퍼스: 리본,
스즈메의 문단속,7.6
대외비,6.5
"귀멸의 칼날: 상현집결, 그리고 도공 마을로",
아임 히어로 더 파이널,10.
웅남이,3.5
소울메이트,5.3
멍뭉이,5.3
에브리씽 에브리웨어 올 앳 원스+,9.1
던전 앤 드래곤: 도적들의 명예,7.5
샤잠! 신들의 분노,6.0
파벨만스,8.5
더 웨일,8.6
치킨래빗: 잃어버린 보물을 찾아서,
플레인,5.0
똑똑똑,5.3
이니셰린의 밴시,9.0
모나리자와 블러드 문,6.0
오토라는 남자,6.7
꼬마돼지 베이브의 바다 대모험,
6번 칸,8.0
그대 어이가리,8.0
크리드 3,7.6
틸,6.5
샷건 웨딩,5.5
어떤 영웅,7.5
콜 제인,6.0
쏜애플 불구경 2022 라이브 콘서트 필름,
리틀 엘렌: 외계인과 안테나 대소동,
여덟 번째 감각,7.0
엘 카미노,
찬란한 나의 복수,5.0
흐르다,7.0
차별,6.0
팔로우드,5.0
포커페이스,4.3
여섯 개의 밤,6.5
나의 연인에게,6.0
애니씽 고즈: 라이브 인 런던,
"블루 서멀, 같은 하늘을 보고 싶어",
블라스트: 폭탄제거반,
민족,
여기도 사람 있어요,
나의 이웃 히틀러,
무한궤도 (가면속의 거짓말),
시몬,9.5
더 벙커,5.3
서유기:저팔계의 반란,
이스케이프: 더블 타겟,
베리얼: 라스트 미션,
존 윅 4,6.8
슈퍼 마리오 브라더스,6.0
리바운드,8.0
드림,5.0
킬링 로맨스,6.0
옥수역귀신,4.0
에어,8.3
렌필드,6.4
거울 속 외딴 성,8.2
카구야 님은 고백받고 싶어 첫 키스는 끝나지 않아,
라이스보이 슬립스,7.3
무명,6.0
오글리스: 웰컴 투 냄새 마을,
65,4.3
곰돌이 푸: 피와 꿀,1.0
아머드 사우루스: 기계공룡제국의 침략,
항구의 니쿠코짱!,7.0
오디션,8.1
장기자랑,6.0
나는 여기에 있다,
귀를 기울이면,8.0
콜드플레이 뮤직 오브 더 스피어스: 라이브 앳 리버 플레이트,
라스트 필름 쇼,6.7
물안에서,7.0
뮤턴트 이스케이프,2.0
사랑의 고고학,7.0
피기,6.7
제비,
자전거 도둑,8.0
낭만적 공장,7.0
오늘 출가합니다,
보이지 않아,
불멸의 여자,
치치핑핑의 쿵쿵따 탐험대,
캐리 러브콘서트 케이팝,
튤립 모양,9.0
밥만 잘 사주는 이상한 이사님 극장판,
2퍼센트,
메탈리카: 72 시즌스,
사쿠라,
하룻밤,
살룸의 하이에나,
롱 플레이스,4.0
천개의 별 이야기 더 시리즈,
솔라 플라워,
도희야,8.3
스마일 어게인,
가디언즈 오브 갤럭시: Volume 3,8.8
분노의 질주: 라이드 오어 다이,8.0
범죄도시3,6.6
극장판 짱구는 못말려: 동물소환 닌자 배꼽수비대,
인어공주,
문재인입니다,5.0
남은 인생 10년,7.7
슬픔의 삼각형,9.2
롱디,5.7
메리 마이 데드 바디,5.0
스트리머,3.3
엑소시스트: 더 바티칸,5.0
유랑지구2,6.0
"뮤지컬 공연실황, 알쏭달쏭 캐치! 티니핑 <신비한 상자를 열어라!>",
클로즈,8.3
토리와 로키타,8.3
사슴의 왕,6.0
스프린터,8.5
빅트립2: 아기곰 배달 대작전,
거신: 바람의 아이,5.0
라이드 온,6.7
울지마 엄마,5.7
리턴 투 서울,8.5
칠중주: 홍콩 이야기,7.7
극장판 리틀 슈퍼맨 샘샘,6.0
드림팰리스,8.7
말없는 소녀,8.7
말이야 바른 말이지,8.0
카일리 블루스,
바람개비,3.0
줄리아의 인생극장,6.0
내 아내 이야기,
플레이 뮤지컬 핑크퐁과 아기상어의 생일파티 대소동,
바깥 나라의 소녀,
마인드케이지,4.0
뮤지컬 더 데빌 2021,
뮤지컬 더 데빌 2018,
사랑하는 당신에게,7.5
세인트 세이야: 더 비기닝,6.0
스크림6,
초대의 법칙,
그 아이는 귀족,
뮤지컬 호프,
페이퍼 스파이더스,
이스케이프 더 보트,
남자는 처음을 원하고 여자는 마지막을 원한다,
타임 이즈 업2,
악당들,
데우스,
포트리스: 더 벙커,
13 미닛츠,
엘리멘탈,8.3
트랜스포머: 비스트의 서막,6.8
플래시,8.3
스파이더맨: 어크로스 더 유니버스,8.8
귀공자,7.7
인디아나 존스: 운명의 다이얼,7.2
명탐정코난: 하이바라 아이 이야기 ~흑철의 미스터리 트레인,
"2022 영탁 단독 콘서트 ""탁쇼""",
수라,7.0
애스터로이드 시티,5.8
부기맨,
너의 눈을 들여다보면,9.0
그 여름,7.7
"자우림, 더 원더랜드",
비의도적 연애담 스페셜,
하나님의 마음,
라방,3.5
파이어하트,
샤이닝,8.6
슈가: 로드 투 디데이,
제이홉 인 더 박스,
익스트림 페스티벌,7.0
북 클럽: 넥스트 챕터,
위대한 작은 농장,
나의 사소한 슬픔,7.3
박하경 여행기,
인드림,1.0
마마무: 마이콘 더 무비,
이윽고 바다에 닿다,7.0
206: 사라지지 않는,
블랙 워터: 어비스,
북 오브 러브,5.0
안나푸르나,
만해 한용운 님의침묵,
엽문의 시작,
"믿거나 말거나, 진짜야",
나비효과,7.4
실버맨,
배우의 꿈,
뮤지컬 윌리엄과 윌리엄의 윌리엄들,
노트르담 온 파이어,
극장판 극주부도,
미드나잇 스완,
손,
뮤지컬 앨리스,4.3
뮤지컬 청춘소음,
살롱 드 서울,
룸 203,
위험한 사돈,
육지것들,
부화,
악마의 부활,
김재훈의 피.엔.오,
포트리스2 : 스나이퍼 아이,
익스파이어드,
미션 임파서블: 데드 레코닝 PART ONE,8.4
밀수,7.0
명탐정코난: 흑철의 어영,7.0
바비,7.1
인시디어스: 빨간 문,5.0
극장판 슈퍼윙스: 맥시멈 스피드,7.0
극장판 도라에몽: 진구와 하늘의 유토피아,
악마들,5.0
보 이즈 어프레이드,7.6
엔니오: 더 마에스트로,8.5
틴에이지 크라켄 루비,
핑크퐁 시네마 콘서트3 : 진저브레드맨을 잡아라,
슈퍼 키드 헤일리,
빈틈없는 사이,4.0
아버지의 마음,
극장판 피노키오 위대한 모험,10.
좋.댓.구,6.0
비밀의 언덕,8.0
헌티드 맨션,5.4
풍재기시,
기적을 믿는 소녀,4.0
플래닛,6.0
극장판 아름다운 그: 이터널,
더 썬,7.0
"1986 그 여름, 그리고 고등어통조림",8.3
비닐하우스,7.5
어디로 가고 싶으신가요,6.0
디어 마이 러브,
러브 라이프,6.0
그녀가 좋아하는 것은,6.0
보통의 카스미,6.5
작은정원,
몸값part.1,
메타모르포제의 툇마루,
에고이스트,
슬기로운 아내 수업,
몸값part.2,
2022 심규선 단독 콘서트 [밤의 정원: 앙코르],
붉은 사막,6.0
군산전기,
호쿠사이,
레이디,8.0
다크 글래시스,
좀비 사용 설명서,
금지된 관계,
와일드캣,9.3
차선변경-큐폴라를 올려다보며-,
하얀봄,4
거미줄 (악어와 악어새),
콘크리트 유토피아,7.7
오펜하이머,8.4
비공식작전,6.7
달짝지근해: 7510,7.3
더 문,6.0
보호자,5.0
메가로돈 2,5.0
몬스터 패밀리 2,6.0
타겟,6.3
바다 탐험대 옥토넛 어보브 앤 비욘드 : 육지 넘어 하늘까지!,
런닝맨: 리벤져스,
마야 3: 숲속 왕국의 위기,
스파이 코드명 포춘,5.5
지옥만세,8.2
신체모음.zip,
강변의 무코리타,8.5
치치치 치킨의 비밀,
마에스트로,6.5
한 남자,5.0
조이 라이드,6.0
살바도르 달리 : 불멸을 찾아서,
퀴어 마이 프렌즈,
다섯 번째 흉추,8.0
볼코노고프 대위 탈출하다,8.5
강다니엘: 마이 퍼레이드,
그녀의 취미생활,7.3
물꽃의 전설,
너의 순간,5.0
아만다,
더 버닝 씨,6.0
에릭 클랩튼: 어크로스 24 나이츠,
킬러의 레스토랑,
피아노 프리즘,
이름 없는 춤,
연악: 나의 운명,
신입사원: 더 무비,9.0
거룩한 술꾼의 전설,10.
교전,
람보르기니: 전설이 된 남자,5.0
그 노래,
99번의 정사,
한번 죽어 봤다,
경감 매그레,
낭만여행,
더 도어 : 다섯 개의 문,
로보카폴리 안전교실 소방편,
사고물건 무서운 방,
47시간: 샤크베이트,
라모나,
모하비 다이아몬드,
삼총사,6.7
SAS: 레니게이드 인 런던,
잠,7.5
천박사 퇴마 연구소: 설경의 비밀,5.4
1947 보스톤,7.0
베니스 유령 살인사건,7.0
거미집,7.4
더 넌 2,5.5
가문의 영광: 리턴즈,
그란 투리스모,7.5
"여름을 향한 터널, 이별의 출구",3.5
아이유 콘서트 : 더 골든 아워,
닌자터틀: 뮤턴트 대소동,6.0
아르고 원정대: 꼬마 영웅 패티의 대모험,
극장판 엉덩이 탐정: 미스터리 가면 ~최강의 대결,
치악산,4.0
플로라 앤 썬,7.0
생츄어리: 마법의 소원나무,6.0
일주일간 친구,
듣보인간의 생존신고,10.
어파이어,9.0
80일간의 세계일주,
힙노틱,4.0
씰벤져스 : 용감한 바다특공대,
어느 멋진 아침,8.7
여덟 개의 산,10.
폭로,5.8
서태지 25주년 라이브 타임: 트래블러,
차박- 살인과 낭만의 밤,5.5
칸다하,5.0
극장판 사사키와 미야노 - 졸업편,6.0
스크래퍼,6.5
이터널 메모리,6.0
이노센트,7.5
번개맨: 더 비기닝,
킴스 비디오,8.5
노크: 더 하우스,
뮤직 샤펠,6.0
잔고: 분노의 적자,
나의 그리스식 웨딩 3,6.0
절해고도,6.5
"안녕, 내일 또 만나",7.5
돈 룩 디퍼,
더 리프: 언더 워터,
책 종이 가위,
너의 시선이 머무는 곳에,
마인드 유니버스,
커밍 홈 어게인,6.0
료마! 테니스의 왕자: 디사이드,
경미의 세계,
리벤지 나이트,4.0
납치: 사라진 메구미,
작전명씨울프,
킹 오브 뉴욕,6.6
식운,
오르소,
피닉스 미션,
블랙 데몬,
론 서바이버 : 아이 엠 리벤지,
지옥갱,
그래픽 디자이어,9.3
30일,6.7
그대들은 어떻게 살 것인가,7.4
크리에이터,7.0
화란,5.6
용감한 시민,8.0
퍼피 구조대: 더 마이티 무비,
플라워 킬링 문,8.6
화사한 그녀,3.3
사나: 저주의 아이,5.0
엑소시스트: 믿는 자,5.0
블루 자이언트,8.5
익스펜더블 4,5.0
바람 따라 만나리 : 김호중의 계절,
마브카 : 숲의 노래,
괴담만찬,
드림쏭2,
"기억해, 우리가 사랑한 시간",7.5
오픈 더 도어,1.5
나의 행복한 결혼,5.0
빌리와 용감한 녀석들: 황금 달걀 구조대,
더 킬러,6.4
시수,8.5
너와 나,9.0
극장판 아이돌리쉬 세븐; 라이브 4비트 비욘드 더 피리어드 - 데이 2,
만강홍: 사라진 밀서,8.0
극장판 아이돌리쉬 세븐; 라이브 4비트 비욘드 더 피리어드 - 데이 1,
두 사람을 위한 식탁,6.0
믿을 수 있는 사람,6.0
유앤미앤미,5.0
당나귀 EO,7.0
우리의 하루,8.0
"람빅, 시간과 열정의 맥주",
달리랜드,6.0
프리 철수 리,7.0
문바운드,
팟 제너레이션,6.0
세이 예스 어게인,5.0
킹 오브 킬러스,
봉태리,
키네마의 신,
너는 내 아들,
더 도터,
이누부!,
서울의 봄,8.5
더 마블스,5.2
프레디의 피자가게,6.3
소년들,6.0
톡 투 미,7.3
헝거게임: 노래하는 새와 뱀의 발라드,3.5
싱글 인 서울,8.0
뉴 노멀,7.8
괴물,9.5
스노우 폭스: 썰매개가 될 거야!,7.0
이빨요정 비올레타: 요정나라로 돌아갈래!,6.0
더 와일드: 야수들의 전쟁,3.5
테일러 스위프트 디 에라스 투어,
비투비 타임 : 비투게더 더 무비,
여귀교- 저주를 부르는 게임,4.0
마이 샤이니 월드,
사채소년,5.0
어른 김장하,6.0
시뮬런트,4.5
키리에의 노래,6.0
원 모어 찬스,5.0
극장판 파워 디지몬 더 비기닝,5.0
녹야,6.0
세계를 뒤흔든 43일,
괴인,7.3
만분의 일초,7.0
금의 나라 물의 나라,9.5
빅슬립,8.7
나의 피투성이 연인,7.0
다이브: 100 피트 추락,5.0
극장판 우당탕탕 은하안전단: 진정한 용기!,7.0
약속,6.0
본 투 플라이,
5시부터 7시까지의 주희,
바비 IMAX,3.8
그림자 고백,
느티나무 아래,
백지영 콘서트 인 시네마,
독친,6.0
타임코드 57,
버텨내고 존재하기,
브루스 윌리스의 라스트 미션: 데이 투 다이,
레슬리에게,8.0
너를 줍다,5.0
사형에 이르는 병,6.0
비욘드 라이브 더 무비 - 태민 : 엔.지.디.에이,
매트,
너를 부르는 시간,5.0
아워 프렌드,6.5
붉은 장미의 추억,
아줌마,8.0
걸스 인 원더랜드 : 벤타엑스 브이알 뮤직시네마 02,
앵그리 애니,6.0
마크로스 플러스 -무비 에디션-,
무경계,
어느 날 그녀가 우주에서,
더 챔피언,
세일즈걸,8.0
키리에의 노래: 디렉터스 컷,6.0
사랑의 불시착: 라이브 인 서울,
물귀신,4.0
콘돌스 네스트,
노량: 죽음의 바다,8.4
아쿠아맨과 로스트 킹덤,6.5
신차원! 짱구는 못말려 더 무비 초능력 대결전 ~날아라 수제김밥~,1.0
3일의 휴가,6.5
트롤: 밴드 투게더,5.0
뽀로로 극장판 슈퍼스타 대모험,
나폴레옹,8.0
말하고 싶은 비밀,5.0
쏘우 X,5.5
도티와 영원의 탑,7.0
"바다 탐험대 옥토넛 어보브 앤 비욘드: 버드, 옥토경보를 울려라!",
류이치 사카모토: 오퍼스,8.0
엔시티 네이션 : 투 더 월드 인 시네마,
리빙: 어떤 인생,7.0
사랑은 낙엽을 타고,9.2
매직 프린세스: 얼음 괴물과 사라진 열쇠의 비밀,
노 엑시트,4.5
마에스트로 번스타인,6.5
비밀,6.5
교토에서 온 편지,6.0
홈그라운드,6.0
언더 유어 베드,
인디펜던스 나이트,
힐마 아프 클린트 - 미래를 위한 그림,
나 혼자만 레벨업 : 프리뷰,
신세계로부터,3.4
백남준: 달은 가장 오래된 TV,
르네상스 필름 바이 비욘세,
티처스 라운지,8.5
조이랜드,7.0
신 울트라맨,
수운잡방,
엘리자벳과 나,6.0
룩앳미 터치미 키스미,6.0
물비늘,7.0
무빙 포 워드,
2만 종의 벌,6.0
르네에게,5.0
제시는 그때 스무살이었다,
미끼,
뉴클리어 나우,1.0
리향,
세이퍼 앳 홈,
디셈버,
렛 미 고,
위시,6.2
외계+인 2부,7.0
시민덕희,6.3
인투 더 월드,6.7
웡카,7.5
길위에 김대중,7.0
스즈메의 문단속: 다녀왔어,7.6
도그맨,7.0
덤 머니,6.8
지오디 마스터피스 더 무비,
엔드 오브 에반게리온,8.0
나의 올드 오크,8.0
립세의 사계,6.7
세기말의 사랑,7.0
걸즈 앤 판처 최종장 제4화,
추락의 해부,9.0
노 베어스,8.5
라이즈,7.7
클레오의 세계,7.7
레트리뷰션,4.0
킹덤 3: 운명의 불꽃,8.0
넥스트 골 윈즈,6.0
영화 스미코구라시 - 튀어나오는 그림책과 비밀의 아이,9.5
클럽 제로,6.5
이어지는 땅,6.7
"주사위놀이, 마불 세계여행",
비욘드 유토피아,7.0
정글번치: 월드투어,
메이킹 다큐멘터리 `스즈메의 문단속`을 따라가다,9.0
소녀는 졸업하지 않는다,7.0
울산의 별,7.0
아톰 새로운 시작,
크레센도 반 클라이번 콩쿠르 실황,
무티: 주술살인,2.0
간신의 피,
일 부코,7.0
아녜스 V에 의한 제인 B,7.3
봉신연의: 조가풍운,
두 세계 사이에서,8.7
사랑하는 기생충,
서치: 데스게임,
아마존: 더 비기닝,
히즈,
"타르콥스키, 기도하는 영혼",
우리 돈 벌레,
웨스턴 프론트: 서부전선,
머릿속을,
파묘,7.7
건국전쟁,
"귀멸의 칼날: 인연의 기적, 그리고 합동 강화 훈련으로",10.
도그데이즈,6.3
소풍,6.5
듄: 파트2,8.7
데드맨,5.0
아가일,6.5
아기상어 극장판: 사이렌 스톤의 비밀,7.0
사운드 오브 프리덤,6.0
DMZ 동물 특공대,8.7
바튼 아카데미,8.5
스노우 퍼핀즈,1.0
청춘 돼지는 책가방 소녀의 꿈을 꾸지 않는다,
우견니,5.0
기적의 시작,
월레스와 그로밋 더 클래식 컬렉션,
극장판 츠루네: 시작의 한 발,
플랜 75,6.0
에스파: 마이 퍼스트 페이지,10.
아네모네,4.0
영화 스미코구라시 - 푸른 달밤의 마법의 아이,7.0
대니초 : 코리안 드림,
막걸리가 알려줄거야,8.0
오키쿠와 세계,7.0
검은 소년,6.5
장인과 사위,
여기는 아미코,6.0
조폭인 내가 고등학생이 되었습니다,
벗어날 탈 脫,8.5
K스쿨,
갓랜드,
애프터: 유혹의 끝,
서바이벌 택틱스,
킹 VS. 머신킹,4.5
극장판 오드 택시 인 더 우즈,
마이 스몰 랜드,
썬 오브 람세스,
유어 럭키 데이,
블랙 로터스,4.0
댓글부대,7.7
고질라 X 콩: 뉴 엠파이어,6.0
극장판 스파이 패밀리 코드 : 화이트,
브레드이발소: 셀럽 인 베이커리타운,
가여운 것들,7.8
패스트 라이브즈,8.0
아이엠 티라노,
랜드 오브 배드,5.5
밥 말리: 원 러브,6.0
1980,
메이 디셈버,6.5
로봇 드림,9.5
용감한 돌고래 벨루와 바닷속 친구들,
악은 존재하지 않는다,9.0
탐정 말로,4.3
이승윤 콘서트 도킹 : 리프트오프,10.
나이트 스윔,4.5
목스박,
마담 웹,5.5
인어공주: 마법물약의 비밀,
생츄어리 2 : 쿼카가 너무해,
왓츠 러브,6.3
대결! 애니메이션,6.0
원 앤 온리,10.
화녀,2.0
돌핀,5.0
에픽하이 20 더 무비,
드림쏭3,
당신이 잠든 사이,
래빗스쿨 2: 부활절 대소동,
뒤주,
조용한 이주,
부활 그 소망,
잠행,
레이징 그레이스,6.0
다시 김대중-함께 합시다,
세월: 라이프 고즈 온,
리볼버 릴리,
다운폴,7.8
벙커 게임,3.0
극장판 후르츠 바스켓: 프렐류드,
검치호,
공백,
부르달락: 흡혈귀,
베어헌터,
범죄도시4,6.1
쿵푸팬더4,7.0
오멘: 저주의 시작,7.0
비키퍼,6.0
유미의 세포들 더 무비,
기동전사 건담 시드 프리덤,
고스트버스터즈: 오싹한 뉴욕,4.5
씬,6.0
챌린저스,7.3
골드핑거,5.0
슈가│어거스트 디 투어 ‘디-데이’ 더 무비,
마더스,6.0
바람의 세월,
어게인 1997,5.0
키메라,9.0
신 가면라이더,
에스파: 월드 투어 인 시네마,
몬스터 프렌즈,
땅에 쓰는 시,9.5
아서,8.0
여행자의 필요,10.
라스트 썸머,6.0
은하수,
정순,6.0
극장판 울려라! 유포니엄: 앙상블 콘테스트,
돌들이 말할 때까지,10.
극장판 여성향 게임의 파멸 플래그밖에 없는 악역 영애로 환생해버렸다...,
모르는 이야기,
우당탕탕 운동회,
올 더 네임즈 오브 갓,6.0
잔 뒤 바리,6.0
보티첼리. 피렌체와 메디치,
브레이브 온 파이어,
그날의 딸들,
8인의 용의자들,
사랑은 빛,
카니펙스: 죽음의 숲,
연련,
"안전제일, 놀이퀴즈 최강전",
혹성탈출: 새로운 시대,7.4
그녀가 죽었다,6.0
퓨리오사: 매드맥스 사가,8.0
극장판 하이큐!! 쓰레기장의 결전,
가필드 더 무비,
설계자,4.0
스턴트맨,7.0
"포켓몬스터: 성도지방 이야기, 최종장",
이프: 상상의 친구,8.0
청춘 18X2 너에게로 이어지는 길,7.5
악마와의 토크쇼,9.0
꼬마참새 리차드: 신비한 보석 탐험대,
극장판 실바니안 패밀리: 프레야의 선물,
드림 시나리오,7.3
애비게일,7.0
별처럼 빛나는 너에게 더무비-일섬일섬량성성,
분노의 강,
목화솜 피는 날,6.0
결속밴드 라이브 -항성-,
차이콥스키의 아내,7.0
힙노시스: LP 커버의 전설,7.0
"낸 골딘, 모든 아름다움과 유혈사태",7.0
내 손끝에 너의 온도가 닿을 때,
창가의 토토,7.0
더 초즌: 선택받은 자,
디피컬트,6.0
오늘부터 댄싱퀸,6.0
찬란한 내일로,7.0
비행사의 아내,
도뷔시,6.0
정욕,6.0
늦더위,7.0
아침이 오면 공허해진다,
미지수,7.0
노무현과 바보들: 못다한 이야기,
난 엄청 창의적인 휴머니스트 뱀파이어가 될 거야,8.5
라파엘로. 예술의 군주,
유코의 평형추,
할리우드 살인사건,2.0
드라이브,4.5
8일 만에 죽은 괴수의 12일 이야기,
인사이드 아웃 2,7.8
하이재킹,6.5
원더랜드,7.0
핸섬가이즈,7.2
콰이어트 플레이스: 첫째 날,6.7
존 오브 인터레스트,7.5
나쁜 녀석들: 라이드 오어 다이,6.8
명탐정 코난 VS 괴도 키드,7.0
프렌치 수프,8.7
김준수 콘서트 무비 챕터 원 : 레크리에이션,
키타로 탄생 게게게의 수수께끼,9.0
북극백화점의 안내원,6.5
빼꼼: 미션 투 마스,
타로,6.0
"1초 앞, 1초 뒤",7.0
바커스: 슈퍼스타가 될 거야,
언더더씨: 마법 산호초를 찾아서,6.0
몽키맨,5.0
프리실라,7.3
금지된 장난,
캣퍼슨,5.5
판문점,
기괴도,
생츄어리,6.5
노 웨이 업,3.0
태풍 클럽,5.5
다우렌의 결혼,6.0
카브리올레,
다섯 번째 방,6.0
감독판 김일성의 아이들,
마거리트의 정리,6.0
대치동 스캔들,
퀸 엘리자베스,5.0
이소룡-들,6.0
양치기,6.5
피렌체와 우피치 미술관,
목중무인 : 안하무인,
니자리,
보통의 우주는 찬란함을 꿈꾸는가?,
아주 오래된 미래도시,
키키의 경계성 인격장애 다이어리,
우리와 상관없이,8.0
탈주,7.2
데드풀과 울버린,6.7
슈퍼배드 4,
탈출: 프로젝트 사일런스,6.0
명탐정 코난: 100만 달러의 펜타그램,7.0
파일럿,6.5
극장판 도라에몽: 진구의 지구 교향곡,2.0
퍼펙트 데이즈,7.0
우마무스메 프리티 더비 새로운 시대의 문,
플라이 미 투 더 문,5.3
2023 영탁 단독 콘서트 : 탁쇼2,
러브 라이즈 블리딩,6.0
만천과해,5.0
이매큘레이트,5.0
박정희: 경제대국을 꿈꾼 남자,
빅샤크5: 80일간의 해저일주,3.0
그리고 바통은 넘겨졌다,
헬로카봇 올스타 스페셜,
이준호 콘서트 : 다시 만나는 날,
다큐 황은정 : 스마트폰이 뭐길래,
그랑블루 오리지날 리마스터링,8.5
수카바티: 극락축구단,7.0
볼빨간사춘기: 메리 고 라운드 더 무비,
2024 박은빈 팬 콘서트 <은빈노트 : 디바>,
더 납작 엎드릴게요,6.0
엄마의 왕국,6.0
블랙핑크 월드투어 [본 핑크] 인 시네마,
극장판 폴 프린세스!!,
사일런트 나잇,5.0
더 원더스,
하이퍼포커스 : 투모로우바이투게더 브이알 콘서트,
극장판 프리큐어 올스타즈 F,
미래의 범죄들,3.0
진주의 진주,6.0
쿵쿵따 탐험대,
블러디 이스케이프: 지옥의 도주극,
이솝이야기,3.3
2023 심규선 단독 콘서트 : 우리 앞의 세계,
샤인,6.0
파편들의 집,7.0
베베핀 플레이타임,
에이리언: 로물루스,7.5
사랑의 하츄핑,9.7
행복의 나라,7.7
트위스터스,8.3
빅토리,6.0
늘봄가든,5.0
임영웅│아임 히어로 더 스타디움,
필사의 추격,4.0
세븐틴 투어 ‘팔로우’ 어게인 투 시네마,
극장총집편 봇치 더 록! 전편,
극장판 블루 록 -에피소드 나기-,
10 라이브즈,
바다 탐험대 옥토넛 어보브 앤 비욘드 : 바다가 위험해,
한국이 싫어서,6.0
신비아파트 특별편: 붉은 눈의 사신,
마야,
이매지너리,5.0
그리고 목련이 필때면,
프로이트의 라스트 세션,6.0
영웅: 라이브 인 시네마,
1923 간토대학살,
디베르티멘토,10.
쥬라기캅스 극장판: 전설의 고대생물을 찾아라,
이오 카피타노,6.0
킬,6.0
실리카겔 <파워 앙드레 99>,
조선인 여공의 노래,
물은 바다를 향해 흐른다,6.0
킹 오브 프리즘 -드라마틱 프리즘.1-,
스트레인저스: 챕터1,4.0
공드리의 솔루션북,
극장판 : 기븐_히이라기 믹스,
그 여름날의 거짓말,7.5
문경,6.0
[마이 아티 필름] 온앤오프 : 뷰티풀 뷰티풀,
"[마이 아티 필름] 루시: 개화, 히어로 그리고 낙화",3.9
제프 쿤스. 그 은밀한 초상,
풍기,
박정희: 경제대국을 꿈꾼 남자 특별판,
러브 달바,
터커 & 데일 Vs 이블,7.0
"뭉크. 사랑, 영혼 그리고 뱀파이어 여인",
키시베 로한 루브르에 가다,
더 라이언: 사막의 생존자들,
똥 싸는 소리,
양지뜸,
베테랑2,6.8
"안녕, 할부지",10.
룩백,9.0
트랜스포머 ONE,7.3
브레드이발소: 빵스타의 탄생,
비틀쥬스 비틀쥬스,7.3
오지: 사라진 숲을 찾아서,
스픽 노 이블,6.0
정국: 아이 엠 스틸,
우리가 끝이야,5.0
극장총집편 봇치 더 록! 후편,
장손,7.0
그녀에게,6.0
더 커버넌트,6.5
딸에 대하여,7.0
새벽의 모든,8.0
레드불 T1 다큐멘터리 : 함께 날아오르다,
트랩,4.0
캐시 아웃,3.0
코마다 위스키 패밀리,6.0
요네즈 켄시 2023 투어 / 공상,
"오빠, 남진",
원맨,5.3
수유천,8.5
여름이 끝날 무렵의 라트라비아타,5.0
사랑의 탐구,6.0
수 분간의 응원을,
엑소시스트: 더 데빌,
호비와 마법의 카네이션,
독립시대,6.0
테인티드 러브,7.0
태용: 티와이 트랙 인 시네마,
죽고 싶지만 사랑은 하고 싶어,7.0
52헤르츠 고래들,
해야 할 일,7.0
국외자들,9.0
[마이 아티 필름] 보이넥스트도어 : 부모님 관람 불가,
산이 부른다,8.0
바이크 라이더스,6.3
"줄리엣, 네이키드",6.0
바리데기,
래시: 뉴 어드벤처,5.0
마녀들의 카니발,
기기묘묘2,
티치아노. 색채의 제국,
베놈: 라스트 댄스,5.7
대도시의 사랑법,6.8
조커: 폴리 아 되,5.3
와일드 로봇,7.0
보통의 가족,6.7
아마존 활명수,8.0
더러운 돈에 손대지 마라,
명탐정 코난: 시한장치의 마천루,
스마일 2,
6시간 후 너는 죽는다,
너의 색,
"극장판 엉덩이 탐정: 안녕, 나의 영원한 친구",
엘리자벳: 더 뮤지컬 라이브,
아이브 더 퍼스트 월드투어 인 시네마,
오후 네시,
"하이라이트: 라이츠 고 온, 어게인 인 시네마",
룸 넥스트 도어,9.0
할머니가 죽기 전 백만장자가 되는 법,
롱레그스,4.0
리틀 엠마,
구룡성채: 무법지대,
더 킬러스,
마이펫의 컴백홈 어드벤처,
"결혼, 하겠나?",
세상 참 예쁜 오드리,
악이 도사리고 있을 때,6.0
정국: 아이 엠 스틸 위드 유,
위국일기,
폭설,
하와이 연가,
우리는 천국에 갈 순 없지만 사랑은 할 수 있겠지,
극장판 고래와 나,
레드 룸스,7.0
키타로 탄생 게게게의 수수께끼: 트루 에디션,
어프렌티스,6.3
최소한의 선의,
공작새,
싱글 에이트,
쏜애플 불구경 2024 라이브 콘서트 필름,
동경의 황혼,6.3
재즈처럼 더 무비,
"럭키, 아파트",
호두까기 인형과 마술피리,
개그맨,
쑤저우강,
컬트 시카리오,
페이퍼맨,
잠자리 구하기,
바넬과 아다마,7.0
빚가리,
위키드,8.9
모아나 2,6.3
글래디에이터 Ⅱ,8.3
청설,7.5
히든페이스,5.5
사흘,4.0
레드 원,7.0
나의 히어로 아카데미아 더 무비: 유어 넥스트,
4분 44초,
데드라인,
아노라,7.0
아메바 소녀들과 학교괴담: 개교기념일,
빌리와 용감한 녀석들: 스노우 베어 구조대,
4월이 되면 그녀는,6.0
연소일기,
"괜찮아, 앨리스",
극장판 오버로드 성왕국편,
클로즈 유어 아이즈,
저니 투 베들레헴,
미망,7.0
전장의 크리스마스,6.5
되살아나는 목소리,
춘천대첩 72시간,
트라페지움,
아침바다 갈매기는,8.5
딜리버리,
여름날의 레몬그라스,
에드워드 호퍼,
나 혼자만 레벨업 -리어웨이크닝-,
한 채,
극장판 미스터리라 하지 말지어다,7.0
킹덤4: 대장군의 귀환,
백현: 론스달라이트 닷 인 시네마,
마리우폴에서의 20일,
애시드 레인: 죽음의 비,
하우치,
복수는 나의것,8.3
"침몰 10년, 제로썸",
위대한 부재,
씨앗의 시간,
요루시카 '달과 고양이의 댄스' 2024 라이브,
블링크 트와이스,
엘스타 2 : 드리미 스테이지,
프리다. 삶이여 영원하라,
자기만의 방,
호랑님의 생일날,
열 개의 우물,
아가미,
"뉴클래식 프로젝트 미안하다, 사랑한다",
